epoch,avg_reward
1,0.0
2,0.08055555555555556
3,0.17844444444444446
4,0.18544444444444444
