epoch,avg_reward
1,0.09455555555555556
2,0.182
3,0.18955555555555556
